Dataset,Model,Train Size,Test Size,Embedding Dim,Embed Time (s),Train Time (s),Accuracy,Precision,Recall,F1-Score
5k_2k,logistic_regression,5000,2000,384,111.86500883102417,8.569507122039795,0.8740,0.8734,0.8740,0.8736
5k_2k,svm,5000,2000,384,111.86500883102417,1.4054207801818848,0.8720,0.8714,0.8720,0.8717
5k_2k,naive_bayes,5000,2000,384,111.86500883102417,0.2666282653808594,0.6360,0.7965,0.6360,0.6387
20k_2k,logistic_regression,20000,2000,384,276.7129602432251,74.6089448928833,0.8930,0.8928,0.8930,0.8929
20k_2k,svm,20000,2000,384,276.7129602432251,6.61017632484436,0.8955,0.8958,0.8955,0.8954
20k_2k,naive_bayes,20000,2000,384,276.7129602432251,1.0881874561309814,0.8270,0.8405,0.8270,0.8229
