Dataset,Best Model,Best Accuracy,Best Precision,Best Recall,Best F1,Embedding Time (s),Samples
5k_2k,logistic_regression,0.874,0.873446997178086,0.874,0.8735750692402428,111.86500883102417,7000
20k_2k,svm,0.8955,0.8957552480275573,0.8955,0.8953551665973281,276.7129602432251,22000
